{
	"credit": "Made by XeKr with Blockbench",
	"ambientocclusion": false,
	"textures": {
		"slab": "block/repeater1",
		"top": "block/repeater_on2",
		"lit": "block/redstone_torch",
		"lock": "block/bedrock",
		"particle": "block/repeater_on"
	},
	"elements": [
		{
			"from": [0, 0, 0],
			"to": [16, 2, 16],
			"faces": {
				"north": {"uv": [0, 14, 16, 16], "texture": "#slab", "cullface": "north"},
				"east": {"uv": [14, 0, 16, 16], "rotation": 90, "texture": "#top", "cullface": "east"},
				"south": {"uv": [0, 14, 16, 16], "texture": "#slab", "cullface": "south"},
				"west": {"uv": [0, 0, 2, 16], "rotation": 270, "texture": "#top", "cullface": "west"},
				"up": {"uv": [0, 0, 16, 16], "texture": "#top"},
				"down": {"uv": [16, 16, 0, 0], "texture": "#top", "cullface": "down"}
			}
		},
		{
			"from": [2, 2, 8],
			"to": [14, 4, 10],
			"faces": {
				"north": {"uv": [2, 7, 14, 9], "texture": "#lock"},
				"east": {"uv": [6, 7, 8, 9], "texture": "#lock"},
				"south": {"uv": [2, 7, 14, 9], "texture": "#lock"},
				"west": {"uv": [6, 7, 8, 9], "texture": "#lock"},
				"up": {"uv": [7, 2, 9, 14], "rotation": 90, "texture": "#lock"},
				"down": {"uv": [7, 2, 9, 14], "rotation": 90, "texture": "#lock"}
			}
		},
		{
			"from": [7, 2, 2],
			"to": [9, 7, 4],
			"shade": false,
			"faces": {
				"north": {"uv": [7, 6, 9, 11], "texture": "#lit"},
				"east": {"uv": [7, 6, 9, 11], "texture": "#lit"},
				"south": {"uv": [7, 6, 9, 11], "texture": "#lit"},
				"west": {"uv": [7, 6, 9, 11], "texture": "#lit"},
				"up": {"uv": [7, 6, 9, 8], "texture": "#lit"}
			}
		},
		{
			"name": "cube inverted",
			"from": [9.5, 7.5, 4.5],
			"to": [6.5, 4.5, 1.5],
			"shade": false,
			"faces": {
				"north": {"uv": [6, 6, 7, 5], "texture": "#lit"},
				"east": {"uv": [6, 6, 7, 5], "texture": "#lit"},
				"south": {"uv": [6, 6, 7, 5], "texture": "#lit"},
				"west": {"uv": [6, 6, 7, 5], "texture": "#lit"},
				"up": {"uv": [7, 5, 6, 6], "texture": "#lit"},
				"down": {"uv": [7, 5, 6, 6], "texture": "#lit"}
			}
		}
	]
}